{
  "FilterHeaders": [
    {
      "Header": "x-goog-update-updater",
      "IncludeInScript": false
    },
    {
      "Header": "x-goog-update-interactivity",
      "IncludeInScript": false
    },
    {
      "Header": "x-goog-update-appid",
      "IncludeInScript": false
    },
    {
      "Header": "x-goog-encode-response-if-executable",
      "IncludeInScript": false
    },
    {
      "Header": "x-goog-api-key",
      "IncludeInScript": false
    },
    {
      "Header": "x-client-data",
      "IncludeInScript": false
    },
    {
      "Header": "user-agent",
      "IncludeInScript": false
    },
    {
      "Header": "upgrade-insecure-requests",
      "IncludeInScript": false
    },
    {
      "Header": "sec-fetch-user",
      "IncludeInScript": false
    },
    {
      "Header": "sec-fetch-site",
      "IncludeInScript": false
    },
    {
      "Header": "sec-fetch-mode",
      "IncludeInScript": false
    },
    {
      "Header": "sec-fetch-dest",
      "IncludeInScript": false
    },
    {
      "Header": "sec-ch-ua-platform",
      "IncludeInScript": false
    },
    {
      "Header": "sec-ch-ua-mobile",
      "IncludeInScript": false
    },
    {
      "Header": "sec-ch-ua",
      "IncludeInScript": false
    },
    {
      "Header": "pragma",
      "IncludeInScript": false
    },
    {
      "Header": "origin",
      "IncludeInScript": false
    },
    {
      "Header": "if-none-match",
      "IncludeInScript": false
    },
    {
      "Header": "content-encoding",
      "IncludeInScript": false
    },
    {
      "Header": "cache-control",
      "IncludeInScript": false
    },
    {
      "Header": "authorization",
      "IncludeInScript": false
    },
    {
      "Header": "accept-language",
      "IncludeInScript": false
    },
    {
      "Header": "accept-encoding",
      "IncludeInScript": false
    },
    {
      "Header": "accept",
      "IncludeInScript": false
    },
    {
      "Header": "a-im",
      "IncludeInScript": false
    }
  ],
  "FilterResources": [
    {
      "IsNonResource": false,
      "type": "text/plain"
    },
    {
      "IsNonResource": true,
      "type": "text/html"
    },
    {
      "IsNonResource": false,
      "type": "text/css"
    },
    {
      "IsNonResource": false,
      "type": "image/jpeg"
    },
    {
      "IsNonResource": false,
      "type": "font/woff2"
    },
    {
      "IsNonResource": false,
      "type": "application/vnd.google.octet-stream-compressible"
    },
    {
      "IsNonResource": true,
      "type": "application/json"
    },
    {
      "IsNonResource": false,
      "type": "application/javascript"
    }
  ],
  "GeneralInfo": {
    "BrowserVersion": "",
    "IsWinInetMode": false,
    "MaxUsedConnections": 9,
    "RecordedBrowser": "Chrome",
    "RecordingDate": "Feb-12-2024",
    "RecordingDuration": 101704,
    "RecordingMode": "N/A",
    "RecordingTimeStamp": 1707731010,
    "RecordingType": "Browser",
    "TotalBytesReceived": 440085,
    "TotalBytesSent": 21420,
    "TotalRequests": 17,
    "UserAgent": "Mozilla/5.0 (Windows NT 10.0; Win64; x64) AppleWebKit/537.36 (KHTML, like Gecko) Chrome/121.0.0.0 Safari/537.36"
  },
  "HostInfo": [
    {
      "DomainName": "herokuapp.com",
      "Domains": [
        {
          "HTTPVersion": "HTTP/1.1",
          "IP": "54.235.77.118",
          "IncludeInScript": true,
          "Name": "katalon-demo-cura.herokuapp.com",
          "Port": 443,
          "Requests": [
            {
              "CompressionType": "",
              "DataType": "text/html",
              "DownloadTime": 235,
              "EventId": 213,
              "HttpStatus": 200,
              "Size": 4234,
              "URL": "https://katalon-demo-cura.herokuapp.com/"
            },
            {
              "CompressionType": "",
              "DataType": "text/html",
              "DownloadTime": 266,
              "EventId": 211,
              "HttpStatus": 302,
              "Size": 0,
              "URL": "https://katalon-demo-cura.herokuapp.com/authenticate.php?logout"
            },
            {
              "CompressionType": "",
              "DataType": "text/html",
              "DownloadTime": 250,
              "EventId": 199,
              "HttpStatus": 200,
              "Size": 8280,
              "URL": "https://katalon-demo-cura.herokuapp.com/"
            },
            {
              "CompressionType": "",
              "DataType": "text/html",
              "DownloadTime": 250,
              "EventId": 197,
              "HttpStatus": 302,
              "Size": 0,
              "URL": "https://katalon-demo-cura.herokuapp.com/authenticate.php"
            },
            {
              "CompressionType": "",
              "DataType": "text/html",
              "DownloadTime": 250,
              "EventId": 171,
              "HttpStatus": 200,
              "Size": 7261,
              "URL": "https://katalon-demo-cura.herokuapp.com/profile.php"
            },
            {
              "CompressionType": "",
              "DataType": "text/html",
              "DownloadTime": 234,
              "EventId": 135,
              "HttpStatus": 404,
              "Size": 196,
              "URL": "https://katalon-demo-cura.herokuapp.com/favicon.ico"
            },
            {
              "CompressionType": "",
              "DataType": "image/jpeg",
              "DownloadTime": 484,
              "EventId": 61,
              "HttpStatus": 200,
              "Size": 379361,
              "URL": "https://katalon-demo-cura.herokuapp.com//img/header.jpg"
            },
            {
              "CompressionType": "",
              "DataType": "application/javascript",
              "DownloadTime": 250,
              "EventId": 36,
              "HttpStatus": 200,
              "Size": 1589,
              "URL": "https://katalon-demo-cura.herokuapp.com//js/theme.js"
            },
            {
              "CompressionType": "",
              "DataType": "text/css",
              "DownloadTime": 250,
              "EventId": 18,
              "HttpStatus": 200,
              "Size": 3211,
              "URL": "https://katalon-demo-cura.herokuapp.com//css/theme.css"
            },
            {
              "CompressionType": "",
              "DataType": "text/html",
              "DownloadTime": 281,
              "EventId": 14,
              "HttpStatus": 200,
              "Size": 4234,
              "URL": "https://katalon-demo-cura.herokuapp.com/"
            }
          ],
          "SSLCipher": "ECDHE-RSA-AES128-GCM-SHA256",
          "SSLVersion": "TLS1.2"
        }
      ],
      "IncludeInScript": true
    },
    {
      "DomainName": "gstatic.com",
      "Domains": [
        {
          "HTTPVersion": "HTTP/1.1",
          "IP": "142.250.182.99",
          "IncludeInScript": true,
          "Name": "fonts.gstatic.com",
          "Port": 443,
          "Requests": [
            {
              "CompressionType": "",
              "DataType": "font/woff2",
              "DownloadTime": 187,
              "EventId": 122,
              "HttpStatus": 200,
              "Size": 14712,
              "URL": "https://fonts.gstatic.com/s/sourcesanspro/v22/6xKydSBYKcSV-LCoeQqfX1RYOo3ig4vwlxdu.woff2"
            },
            {
              "CompressionType": "",
              "DataType": "font/woff2",
              "DownloadTime": 219,
              "EventId": 86,
              "HttpStatus": 200,
              "Size": 14892,
              "URL": "https://fonts.gstatic.com/s/sourcesanspro/v22/6xK3dSBYKcSV-LCoeQqfX1RYOo3qOK7l.woff2"
            }
          ],
          "SSLCipher": "TLS_AES_256_GCM_SHA384",
          "SSLVersion": "TLS1.3"
        }
      ],
      "IncludeInScript": true
    },
    {
      "DomainName": "googleapis.com",
      "Domains": [
        {
          "HTTPVersion": "HTTP/1.1",
          "IP": "142.250.205.227",
          "IncludeInScript": true,
          "Name": "update.googleapis.com",
          "Port": 80,
          "Requests": [
            {
              "CompressionType": "gzip",
              "DataType": "application/json",
              "DownloadTime": 297,
              "EventId": 193,
              "HttpStatus": 200,
              "Size": 876,
              "URL": "http://update.googleapis.com/service/update2/json?cup2key=13:VXOqd3aA-g7SR9e7QbItyPggjbPdHlWEvCLkj0j2hTA&cup2hreq=acb7d8579a60f272b28448e7d5660851d50a863dfa6a2c76b97935a247472f5d"
            }
          ],
          "SSLCipher": "None",
          "SSLVersion": "None"
        },
        {
          "HTTPVersion": "HTTP/1.1",
          "IP": "142.250.196.10",
          "IncludeInScript": true,
          "Name": "fonts.googleapis.com",
          "Port": 443,
          "Requests": [
            {
              "CompressionType": "gzip",
              "DataType": "text/css",
              "DownloadTime": 78,
              "EventId": 52,
              "HttpStatus": 200,
              "Size": 932,
              "URL": "https://fonts.googleapis.com/css?family=Source+Sans+Pro:300,400,700,300italic,400italic,700italic"
            }
          ],
          "SSLCipher": "TLS_AES_256_GCM_SHA384",
          "SSLVersion": "TLS1.3"
        },
        {
          "HTTPVersion": "HTTP/1.1",
          "IP": "172.217.163.202",
          "IncludeInScript": true,
          "Name": "content-autofill.googleapis.com",
          "Port": 443,
          "Requests": [
            {
              "CompressionType": "gzip",
              "DataType": "text/plain",
              "DownloadTime": 125,
              "EventId": 209,
              "HttpStatus": 200,
              "Size": 53,
              "URL": "https://content-autofill.googleapis.com/v1/pages/ChVDaHJvbWUvMTIxLjAuNjE2Ny4xNjESJwm4ouDoPDlzyRIFDWCIu-ISBQ2-6S43EgUNMT2UMCELHZFHpklVVA==?alt=proto"
            }
          ],
          "SSLCipher": "TLS_AES_256_GCM_SHA384",
          "SSLVersion": "TLS1.3"
        },
        {
          "HTTPVersion": "HTTP/1.1",
          "IP": "142.250.195.35",
          "IncludeInScript": true,
          "Name": "clientservices.googleapis.com",
          "Port": 443,
          "Requests": [
            {
              "CompressionType": "",
              "DataType": "",
              "DownloadTime": 234,
              "EventId": 10,
              "HttpStatus": 304,
              "Size": 0,
              "URL": "https://clientservices.googleapis.com/chrome-variations/seed?osname=win&channel=stable&milestone=121"
            }
          ],
          "SSLCipher": "TLS_AES_256_GCM_SHA384",
          "SSLVersion": "TLS1.3"
        }
      ],
      "IncludeInScript": true
    },
    {
      "DomainName": "google.com",
      "Domains": [
        {
          "HTTPVersion": "HTTP/1.1",
          "IP": "142.250.193.142",
          "IncludeInScript": true,
          "Name": "clients4.google.com",
          "Port": 443,
          "Requests": [
            {
              "CompressionType": "gzip",
              "DataType": "application/vnd.google.octet-stream-compressible",
              "DownloadTime": 312,
              "EventId": 163,
              "HttpStatus": 200,
              "Size": 254,
              "URL": "https://clients4.google.com/chrome-sync/command/?client=Google+Chrome&client_id=57oxOBvCz9pMOcr26yQsbg%3D%3D"
            }
          ],
          "SSLCipher": "TLS_AES_256_GCM_SHA384",
          "SSLVersion": "TLS1.3"
        }
      ],
      "IncludeInScript": true
    }
  ],
  "WebSocket": {
    "IncludeInScript": false,
    "IsScriptIncludeWebSocket": false
  },
  "NumberOfCorrelations": 0
}